id,sentence, label
1,I absolutely loved the cinematography and the storyline.
2,The plot was predictable and utterly boring.
3,The acting was superb; I was on the edge of my seat the entire time.
4,I could barely stay awake during the movie.
5,A beautifully crafted film with stunning visuals.
6,The dialogue was clunky and felt unnatural.
7,An emotional rollercoaster that left me in tears.
8,The pacing was off and it dragged in the middle.
9,A heartfelt story that resonates with everyone.
10,The horror elements were cliché and uninspired.
11,One of the best films I've seen this year.
12,I regret watching it; it was a waste of time.
13,Extraordinary performances by the entire cast.
14,The special effects looked like something from the 90s.
15,A masterclass in directing and storytelling.
16,The soundtrack was forgettable and bland.
17,It exceeded all my expectations; a true masterpiece.
18,It felt like the director lost interest halfway through.
19,A charming and uplifting experience.
20,The characters were one-dimensional and dull.
21,Absolutely mesmerizing from start to finish!
22,I walked out of the theater disappointed and bored.
23,A surprising twist that I never saw coming.
24,The romance subplot was cheesy and contrived.
25,An inspiring tale that stays with you long after.
26,The comedy fell flat and felt forced.
27,A visually stunning journey into another world.
28,The story lacked depth and emotional impact.
29,A delightful film that warmed my heart.
30,I couldn't connect with any of the characters.
31,A thrilling adventure that kept me guessing.
32,The editing was choppy and disorienting.
33,A poignant narrative about love and loss.
34,The supporting roles were miscast and awkward.
35,An imaginative film with breathtaking scenes.
36,I found the script poorly written and dull.
37,A compelling drama that kept me engaged.
38,The climactic scene was underwhelming and flat.
39,A wonderful blend of humor and emotion.
40,The movie relied too much on clichés.
41,I was blown away by the direction and style.
42,The storyline was confusing and hard to follow.
43,A beautiful soundtrack that complemented the film perfectly.
44,The lead actor gave a monotonous performance.
45,A heartwarming story told with grace.
46,I left feeling bored and uninspired.
47,A remarkable achievement that sets a new standard for the genre.
48,The visual effects overshadowed the weak storyline.
49,An entertaining ride despite its flaws.
50,The ending felt rushed and incomplete.
